{
	"info": {
		"_postman_id": "3f584f0d-96dc-43f8-ba15-4c2126d56c94",
		"name": "testMiguel",
		"schema": "https://schema.getpostman.com/json/collection/v2.1.0/collection.json",
		"_exporter_id": "12147197"
	},
	"item": [
		{
			"name": "signup",
			"item": [
				{
					"name": "signup_correcto",
					"event": [
						{
							"listen": "test",
							"script": {
								"exec": [
									"pm.test(\"Ingreso Correcto\", function() {\r",
									"    pm.response.to.be.ok;\r",
									"});\r",
									"\r",
									""
								],
								"type": "text/javascript"
							}
						}
					],
					"request": {
						"method": "POST",
						"header": [],
						"body": {
							"mode": "raw",
							"raw": " {\r\n    \"username\": \"PrubaMiguelEras19\",\r\n    \"password\": \"asdf1234\"\r\n}",
							"options": {
								"raw": {
									"language": "json"
								}
							}
						},
						"url": {
							"raw": "https://api.demoblaze.com/signup",
							"protocol": "https",
							"host": [
								"api",
								"demoblaze",
								"com"
							],
							"path": [
								"signup"
							]
						}
					},
					"response": []
				},
				{
					"name": "signup_usuarioexistente",
					"event": [
						{
							"listen": "test",
							"script": {
								"exec": [
									"pm.test(\"Status code is 200\", function () {\r",
									"    pm.response.to.have.status(200);\r",
									"});\r",
									"pm.test(\"Response en 200ms\", function () {\r",
									"    pm.expect(pm.response.responseTime).to.be.below(200);\r",
									"});"
								],
								"type": "text/javascript"
							}
						}
					],
					"request": {
						"method": "POST",
						"header": [],
						"body": {
							"mode": "raw",
							"raw": " {\r\n    \"username\": \"PrubaMiguelEras28\",\r\n    \"password\": \"asdf1235\"\r\n}",
							"options": {
								"raw": {
									"language": "json"
								}
							}
						},
						"url": {
							"raw": "https://api.demoblaze.com/signup",
							"protocol": "https",
							"host": [
								"api",
								"demoblaze",
								"com"
							],
							"path": [
								"signup"
							]
						}
					},
					"response": []
				}
			]
		},
		{
			"name": "Login",
			"item": [
				{
					"name": "login_correcto",
					"event": [
						{
							"listen": "test",
							"script": {
								"exec": [
									"pm.test(\"Status code is 200\", function () {\r",
									"    pm.response.to.have.status(200);\r",
									"});"
								],
								"type": "text/javascript"
							}
						}
					],
					"request": {
						"method": "POST",
						"header": [],
						"body": {
							"mode": "raw",
							"raw": "{\r\n    \"username\" : \"TestMiguel20222\",\r\n    \"password\" : \"TestMiguel\"\r\n}",
							"options": {
								"raw": {
									"language": "json"
								}
							}
						},
						"url": {
							"raw": "https://api.demoblaze.com/login",
							"protocol": "https",
							"host": [
								"api",
								"demoblaze",
								"com"
							],
							"path": [
								"login"
							]
						}
					},
					"response": []
				},
				{
					"name": "login_incorrecto",
					"event": [
						{
							"listen": "test",
							"script": {
								"exec": [
									"pm.test(\"Status code is 200\", function () {\r",
									"    pm.response.to.have.status(200);\r",
									"});\r",
									"pm.test(\"Solicitud POST Ok\", function () {\r",
									"    pm.expect(pm.response.code).to.be.oneOf([201, 202]);\r",
									"});"
								],
								"type": "text/javascript"
							}
						}
					],
					"request": {
						"method": "POST",
						"header": [],
						"body": {
							"mode": "raw",
							"raw": "{\r\n    \"username\" : \"PrubaMiguelEras\",\r\n    \"password\" : \"asdf1\"\r\n}",
							"options": {
								"raw": {
									"language": "json"
								}
							}
						},
						"url": {
							"raw": "https://api.demoblaze.com/login",
							"protocol": "https",
							"host": [
								"api",
								"demoblaze",
								"com"
							],
							"path": [
								"login"
							]
						}
					},
					"response": []
				}
			]
		}
	]
}